Title,Date,Summary
Notebook Lenovo IdeaPad 3 com mais de R$ 1.000 reais de desconto,27 de junho de 2023 @ 16:56,"O notebook Lenovo Ideapad 3 chega com 33% de desconto no site. O produto sai de R$ 3.875  para R$ 2.885 nesta oferta, gerando uma economia de mais de R$ 1.000"
Quanto “Indiana Jones 5” vai ganhar em bilheteria na estreia; veja os valores,27 de junho de 2023 @ 16:35,"O último filme da saga deve arrecadar tanto quanto ""Missão: Impossível - Efeito Fallout"" e ""007 - Sem Tempo para Morrer"""
"Mantenha sua casa protegida com a Câmera inteligente Intelbras, só agora em promoção na Amazon",27 de junho de 2023 @ 16:14,"Garanta a segurança e tranquilidade da sua casa com a Câmera Inteligente Intelbras.  Ela é compatível com a Alexa, e agora você pode ter a sua por um valor ainda mais acessível: com desconto de 22% na Amazon, seu preço…"
Microsoft pretende lançar Windows que não precisa instalar no PC,27 de junho de 2023 @ 15:53,Documentos internos revelam plano de expandir o Windows 365 para consumidor final. Versão do Cloud PC já está disponível para empresas
Samsung Galaxy A54 por R$ 1.950 na Amazon,27 de junho de 2023 @ 15:33,"Quer aproveitar para adquirir um smartphone com um bom custo-benefício e que ainda está em promoção? Então, conheça o Samsung Galaxy A54. Confira"
Casa da Barbie em Malibu está disponível no Airbnb; veja como alugar,27 de junho de 2023 @ 15:15,"As reservas para a casa da Barbie poderão ser feitas a partir das 10h (horário de Brasília) do dia 17 de julho, onde apenas duas datas serão liberadas inicialmente"
Só agora: tablet da Apple com R$ 700 de desconto; aproveite,27 de junho de 2023 @ 14:54,"iPad 9 roda o chip A13 Bionic, tem tela de 10,2”, além de ser compatível com a Pencil. Saiba mais sobre o tablet da Apple"
Por que Henry Cavill foi recusado como novo James Bond?,27 de junho de 2023 @ 14:34,Henry Cavill poderia ter sido James Bond se Daniel Craig não tivesse conquistado o papel em “Casino Royale”
CapCut: edite seus vídeos profissionais em minutos com este editor online,27 de junho de 2023 @ 14:30,"Editor é gratuito, permite remover fundo de vídeos, além de produzir conteúdos para TikTok. Saiba mais sobre o CapCut"
Samsung Galaxy S22 Ultra com 12% off na Amazon,27 de junho de 2023 @ 14:14,O Samsung Galaxy S22 Ultra está mais barato na Amazon. O celular premium está com 12% off e é a hora de você aproveitar
